{"full": {"classification_report": {"0": {"precision": 0.8278026905829596, "recall": 0.89351403678606, "f1-score": 0.8594040968342644, "support": 1033.0}, "1": {"precision": 0.6232876712328768, "recall": 0.48663101604278075, "f1-score": 0.5465465465465466, "support": 374.0}, "accuracy": 0.7853589196872779, "macro avg": {"precision": 0.7255451809079182, "recall": 0.6900725264144204, "f1-score": 0.7029753216904056, "support": 1407.0}, "weighted avg": {"precision": 0.7734397785453399, "recall": 0.7853589196872779, "f1-score": 0.776242246224736, "support": 1407.0}}, "confusion_matrix": [[923, 110], [192, 182]]}, "reduced": {"classification_report": {"0": {"precision": 0.8295350957155879, "recall": 0.8809293320425944, "f1-score": 0.8544600938967136, "support": 1033.0}, "1": {"precision": 0.603225806451613, "recall": 0.5, "f1-score": 0.5467836257309941, "support": 374.0}, "accuracy": 0.7796730632551528, "macro avg": {"precision": 0.7163804510836005, "recall": 0.6904646660212972, "f1-score": 0.7006218598138538, "support": 1407.0}, "weighted avg": {"precision": 0.769378966231063, "recall": 0.7796730632551528, "f1-score": 0.7726754463530185, "support": 1407.0}}, "confusion_matrix": [[910, 123], [187, 187]]}}